YouTuber Name,Subscribers,Avg Views,Avg Likes,Category,Similarity Score
Country foods,1540000,45363.0,595.0,food,93.97246974999999
Flavours Of Food,1310000,2572.0,90.0,food,93.97240525999999
Food Lovers TV,1190000,0.0,0.0,food,93.97234594999999
Tiny Foodkey,1030000,28949.42,101.32,food,93.9722468
BD Best Ever Food,1010000,75560.0,1171.0,food,93.97221644
