YouTuber Name,Subscribers,Avg Views,Avg Likes,Category,Similarity Score
Kuga's Travel,433000,268215.0,4439.0,travel,67.99762426
My Travel Support,449000,304292.0,2915.0,travel,67.99762021
The New Travel,372000,79215.0,4317.0,travel,67.99761979999998
harry's vlogs,297000,84717.34,3279.16,travel,67.99757644000002
Travel Forever : Вячеслав и Ирина Юмабаевы,152000,110354.0,3499.0,travel,67.99756931
