YouTuber Name,Subscribers,Avg Views,Avg Likes,Category,Similarity Score
Daily Routine,380000,15689.72,809.26,lifestyle,213.94596854
Anita Ji Ki Duniya,588000,29523.14,1378.0,lifestyle,213.94596474999997
Indian Mom On Duty,682000,7407.36,268.86,lifestyle,213.94596053000004
Radhika Real Vlogs,451000,33031.88,1099.22,lifestyle,213.94595805
India Grace,505000,34764.34,1372.06,lifestyle,213.94595606
