YouTuber Name,Subscribers,Avg Views,Avg Likes,Category,Similarity Score
TutorialsPoint,3620000,2455.08,37.32,technology,72.97548880000001
Geekyranjit,3300000,122236.44,3430.48,technology,72.97546727
Geekyranjit,3300000,122235.16,3430.38,technology,72.97546667
Gupta Information Systems,1750000,97631.08,3634.18,technology,72.97543163
Trendy Tech Review,952000,1042.8,23.32,technology,72.97513844000001
